IRI	Label	Issue
http://www.w3.org/2004/02/skos/core#member	has member	shares label with http://purl.obolibrary.org/obo/RO_0002351
http://purl.obolibrary.org/obo/IAO_0000136	is about	not an RO property
http://purl.obolibrary.org/obo/IAO_0000039	has measurement unit label	not an RO property
http://purl.obolibrary.org/obo/IAO_0000142	mentions	not an RO property
http://purl.obolibrary.org/obo/IAO_0000143	mentioned by	not an RO property
http://purl.obolibrary.org/obo/IAO_0000219	denotes	not an RO property
http://purl.obolibrary.org/obo/IAO_0000221	is quality measurement of	not an RO property
http://purl.obolibrary.org/obo/IAO_0000235	denoted by	not an RO property
http://purl.obolibrary.org/obo/IAO_0000407	has coordinate unit label	not an RO property
http://purl.obolibrary.org/obo/IAO_0000413	is duration of	not an RO property
http://purl.obolibrary.org/obo/IAO_0000417	is quality measured as	not an RO property
http://purl.obolibrary.org/obo/IAO_0000418	is quality specification of	not an RO property
http://purl.obolibrary.org/obo/IAO_0000419	quality is specified as	not an RO property
http://purl.obolibrary.org/obo/IAO_0000581	has time stamp	not an RO property
http://purl.obolibrary.org/obo/IAO_0000583	has measurement datum	not an RO property
http://purl.obolibrary.org/obo/OBI_0000293	has_specified_input	not an RO property
http://purl.obolibrary.org/obo/OBI_0000295	is_specified_input_of	not an RO property
http://purl.obolibrary.org/obo/OBI_0000299	has_specified_output	not an RO property
http://purl.obolibrary.org/obo/OBI_0000312	is_specified_output_of	not an RO property
http://www.ebi.ac.uk/efo/swo/SWO_0000394	is developed by	not an RO property
http://www.ebi.ac.uk/efo/swo/SWO_0000740	implements	not an RO property
http://www.ebi.ac.uk/efo/swo/SWO_0000741	is encoded in	not an RO property
http://www.ebi.ac.uk/swo/SWO_0000081	is version of	not an RO property
http://www.ebi.ac.uk/swo/SWO_0000082	uses software	not an RO property
http://www.ebi.ac.uk/swo/SWO_0000085	is implemented by	not an RO property
http://www.ebi.ac.uk/swo/SWO_0000086	has specified data input	not an RO property
http://www.ebi.ac.uk/swo/SWO_0000087	has specified data output	not an RO property
http://www.ebi.ac.uk/swo/SWO_0000088	is specified data input of	not an RO property
http://www.ebi.ac.uk/swo/SWO_0000089	is specified data output of	not an RO property
http://www.ebi.ac.uk/swo/SWO_0000131	directly preceded by	not an RO property
http://www.ebi.ac.uk/swo/SWO_0000132	directly followed by	not an RO property
http://www.ebi.ac.uk/swo/SWO_0000150	uses platform	not an RO property
http://www.ebi.ac.uk/swo/SWO_0000157	is software for	not an RO property
http://www.ebi.ac.uk/swo/SWO_0004000	has version	not an RO property
http://www.ebi.ac.uk/swo/SWO_0004001	has interface	not an RO property
http://www.ebi.ac.uk/swo/SWO_0004002	has format specification	not an RO property
http://www.ebi.ac.uk/swo/SWO_0004004	is published by	not an RO property
http://www.ebi.ac.uk/swo/SWO_0040005	is executed in	not an RO property
http://www.ebi.ac.uk/swo/SWO_9001002	has clause	not an RO property
http://www.ebi.ac.uk/swo/has_license	has license	not an RO property
http://www.ebi.ac.uk/swo/is_license_for	is license for	not an RO property
http://www.ebi.ac.uk/swo/data/SWO_3000054	is alternative format of	not an RO property
http://www.ebi.ac.uk/swo/license/SWO_1000048	is compatible license of	not an RO property
http://www.ebi.ac.uk/swo/maturity/SWO_9000067	has declared status	not an RO property
http://www.w3.org/2004/02/skos/core#broadMatch	has broader match	not an RO property
http://www.w3.org/2004/02/skos/core#broader	has broader	not an RO property
http://www.w3.org/2004/02/skos/core#broaderTransitive	has broader transitive	not an RO property
http://www.w3.org/2004/02/skos/core#closeMatch	has close match	not an RO property
http://www.w3.org/2004/02/skos/core#exactMatch	has exact match	not an RO property
http://www.w3.org/2004/02/skos/core#hasTopConcept	has top concept	not an RO property
http://www.w3.org/2004/02/skos/core#inScheme	is in scheme	not an RO property
http://www.w3.org/2004/02/skos/core#mappingRelation	is in mapping relation with	not an RO property
http://www.w3.org/2004/02/skos/core#memberList	has member list	not an RO property
http://www.w3.org/2004/02/skos/core#narrowMatch	has narrower match	not an RO property
http://www.w3.org/2004/02/skos/core#narrower	has narrower	not an RO property
http://www.w3.org/2004/02/skos/core#narrowerTransitive	has narrower transitive	not an RO property
http://www.w3.org/2004/02/skos/core#related	has related	not an RO property
http://www.w3.org/2004/02/skos/core#relatedMatch	has related match	not an RO property
http://www.w3.org/2004/02/skos/core#semanticRelation	is in semantic relation with	not an RO property
http://www.w3.org/2004/02/skos/core#topConceptOf	is top concept in scheme	not an RO property
http://www.w3.org/ns/prov#actedOnBehalfOf	actedonbehalfof	not an RO property
http://www.w3.org/ns/prov#activity	activity	not an RO property
http://www.w3.org/ns/prov#agent	agent	not an RO property
http://www.w3.org/ns/prov#alternateOf	alternateof	not an RO property
http://www.w3.org/ns/prov#atLocation	atlocation	not an RO property
http://www.w3.org/ns/prov#entity	entity	not an RO property
http://www.w3.org/ns/prov#generated	generated	not an RO property
http://www.w3.org/ns/prov#hadActivity	hadactivity	not an RO property
http://www.w3.org/ns/prov#hadGeneration	hadgeneration	not an RO property
http://www.w3.org/ns/prov#hadMember	hadmember	not an RO property
http://www.w3.org/ns/prov#hadPlan	hadplan	not an RO property
http://www.w3.org/ns/prov#hadPrimarySource	hadprimarysource	not an RO property
http://www.w3.org/ns/prov#hadRole	hadrole	not an RO property
http://www.w3.org/ns/prov#hadUsage	hadusage	not an RO property
http://www.w3.org/ns/prov#influenced	influenced	not an RO property
http://www.w3.org/ns/prov#influencer	influencer	not an RO property
http://www.w3.org/ns/prov#invalidated	invalidated	not an RO property
http://www.w3.org/ns/prov#qualifiedAssociation	qualifiedassociation	not an RO property
http://www.w3.org/ns/prov#qualifiedAttribution	qualifiedattribution	not an RO property
http://www.w3.org/ns/prov#qualifiedCommunication	qualifiedcommunication	not an RO property
http://www.w3.org/ns/prov#qualifiedDelegation	qualifieddelegation	not an RO property
http://www.w3.org/ns/prov#qualifiedDerivation	qualifiedderivation	not an RO property
http://www.w3.org/ns/prov#qualifiedEnd	qualifiedend	not an RO property
http://www.w3.org/ns/prov#qualifiedGeneration	qualifiedgeneration	not an RO property
http://www.w3.org/ns/prov#qualifiedInfluence	qualifiedinfluence	not an RO property
http://www.w3.org/ns/prov#qualifiedInvalidation	qualifiedinvalidation	not an RO property
http://www.w3.org/ns/prov#qualifiedPrimarySource	qualifiedprimarysource	not an RO property
http://www.w3.org/ns/prov#qualifiedQuotation	qualifiedquotation	not an RO property
http://www.w3.org/ns/prov#qualifiedRevision	qualifiedrevision	not an RO property
http://www.w3.org/ns/prov#qualifiedStart	qualifiedstart	not an RO property
http://www.w3.org/ns/prov#qualifiedUsage	qualifiedusage	not an RO property
http://www.w3.org/ns/prov#specializationOf	specializationof	not an RO property
http://www.w3.org/ns/prov#used	used	not an RO property
http://www.w3.org/ns/prov#wasAssociatedWith	wasassociatedwith	not an RO property
http://www.w3.org/ns/prov#wasAttributedTo	wasattributedto	not an RO property
http://www.w3.org/ns/prov#wasDerivedFrom	wasderivedfrom	not an RO property
http://www.w3.org/ns/prov#wasEndedBy	wasendedby	not an RO property
http://www.w3.org/ns/prov#wasGeneratedBy	wasgeneratedby	not an RO property
http://www.w3.org/ns/prov#wasInfluencedBy	wasinfluencedby	not an RO property
http://www.w3.org/ns/prov#wasInformedBy	wasinformedby	not an RO property
http://www.w3.org/ns/prov#wasInvalidatedBy	wasinvalidatedby	not an RO property
http://www.w3.org/ns/prov#wasQuotedFrom	wasquotedfrom	not an RO property
http://www.w3.org/ns/prov#wasRevisionOf	wasrevisionof	not an RO property
http://www.w3.org/ns/prov#wasStartedBy	wasstartedby	not an RO property
http://purl.obolibrary.org/obo/IAO_0000004	has measurement value	not an RO property
http://purl.obolibrary.org/obo/IAO_0000404	has x coordinate value	not an RO property
http://purl.obolibrary.org/obo/IAO_0000405	has z coordinate value	not an RO property
http://purl.obolibrary.org/obo/IAO_0000406	has y coordinate value	not an RO property
http://purl.obolibrary.org/obo/MCRO_0000041	citation text	not an RO property
http://purl.obolibrary.org/obo/MCRO_0000042	confidence interval value	not an RO property
http://purl.obolibrary.org/obo/MCRO_0000043	contact text	not an RO property
http://purl.obolibrary.org/obo/MCRO_0000044	custom_text	not an RO property
http://purl.obolibrary.org/obo/MCRO_0000045	documentation	not an RO property
http://purl.obolibrary.org/obo/MCRO_0000046	model card text	not an RO property
http://purl.obolibrary.org/obo/MCRO_0000047	name text	not an RO property
http://purl.obolibrary.org/obo/MCRO_0000048	overview	not an RO property
http://purl.obolibrary.org/obo/MCRO_0000049	performance metric value	not an RO property
http://purl.obolibrary.org/obo/MCRO_0000050	sensitive data	not an RO property
http://purl.obolibrary.org/obo/MCRO_0000051	slice	not an RO property
http://purl.obolibrary.org/obo/MCRO_0000052	threshold value	not an RO property
http://www.ebi.ac.uk/swo/SWO_0000043	has documentation	not an RO property
http://www.ebi.ac.uk/swo/SWO_0000046	has download location	not an RO property
http://www.ebi.ac.uk/swo/maturity/SWO_9000068	has release date	not an RO property
http://www.w3.org/2004/02/skos/core#notation	notation	not an RO property
http://www.w3.org/ns/prov#atTime	attime	not an RO property
http://www.w3.org/ns/prov#endedAtTime	endedattime	not an RO property
http://www.w3.org/ns/prov#generatedAtTime	generatedattime	not an RO property
http://www.w3.org/ns/prov#invalidatedAtTime	invalidatedattime	not an RO property
http://www.w3.org/ns/prov#startedAtTime	startedattime	not an RO property
http://www.w3.org/ns/prov#value	value	not an RO property
